Cost rate (bps),Strategy,Premium,RMSE,Mean HE,Loss VaR95,Loss CVaR95,Mean cost,Mean turnover
10.0,Cost-aware NN,0.16866950690746307,0.007906965911388397,0.00011967842146987095,0.012796728871762753,0.0181835126131773,0.004448598716408014,4.448598861694336
10.0,BS delta: cost-adjusted premium,0.16859665513038635,0.007939162664115429,2.5013787308125757e-06,0.013597297482192516,0.019285058602690697,0.004497363697737455,4.497363567352295
10.0,BS no-trade band: eps=0,0.16859665513038635,0.007939162664115429,2.5013787308125757e-06,0.013597297482192516,0.019285058602690697,0.004497363697737455,4.497363567352295
10.0,NN trained at lambda=0,0.1643267422914505,0.00906593818217516,-0.004261946305632591,0.017977096140384674,0.023754257708787918,0.004491154104471207,4.491154193878174
10.0,BS delta: frictionless premium,0.16411067988848604,0.00911766942590475,-0.004483478609472513,0.018083278089761734,0.02377103827893734,0.004497363697737455,4.497363567352295
