Cost rate,Best val loss,Runtime seconds,Learned premium
0.0,6.0906932048965245e-05,124.01292109489441,0.1643267422914505
0.0005,6.183619552757591e-05,123.56677556037903,0.16644513607025146
0.001,6.217329064384103e-05,123.659588098526,0.16866950690746307
0.0025,6.490897794719785e-05,123.89186096191406,0.17511065304279327
0.005,6.896373088238761e-05,125.42053580284119,0.18545249104499817
