Strategy,Premium,RMSE,Mean HE,Std HE,HE q01,HE q05,Loss VaR95,Loss CVaR95,Loss VaR99,Loss CVaR99,Mean abs delta,Mean abs eta,Mean stock turnover,Mean option turnover,Median stock turnover,Median option turnover
No hedge,0.1654144525527954,0.1900622397661209,0.0006251747254282236,0.19006122648715973,-0.5661323666572571,-0.3740958273410797,0.3740956783294678,0.49233368039131165,0.5661318302154541,0.6727203130722046,0.0,0.0,0.0,0.0,0.0,0.0
BS proxy stock delta,0.1654144525527954,0.02000564895570278,0.0005786551046185195,0.019997280091047287,-0.05210411176085472,-0.03560132905840874,0.03560132533311844,0.04578150063753128,0.05210409685969353,0.06029504910111427,0.6821224093437195,0.0,3.894742727279663,0.0,3.8309485912323,0.0
Heston delta-vega hedge (eta clipped 5),0.1654144525527954,0.014791885390877724,0.0005523051950149238,0.014781569130718708,-0.037632811814546585,-0.02444365993142128,0.02444365806877613,0.0326983705163002,0.03763279691338539,0.04586320370435715,0.38679563999176025,0.6034443378448486,5.392435550689697,7.1312479972839355,4.812610626220703,5.5893683433532715
Stock-only NN under Heston,0.16481943428516388,0.017324578016996384,-2.9510631065932103e-05,0.017324551939964294,-0.04595239832997322,-0.02993267960846424,0.029932666569948196,0.03996069356799126,0.045952387154102325,0.05566952005028725,0.6462234854698181,0.0,3.8201749324798584,0.0,3.744974136352539,0.0
Stock + option NN under Heston,0.16479560732841492,0.007426837459206581,-9.872668306343257e-05,0.0074261813424527645,-0.019950175657868385,-0.011495368555188179,0.011495353654026985,0.016722766682505608,0.019950130954384804,0.024717895314097404,0.36861497163772583,0.5992723703384399,3.122541666030884,4.691251277923584,2.9896984100341797,4.678315162658691
