Strategy,RMSE,Loss CVaR95,RMSE ratio vs Stock+option NN,RMSE gap vs Stock+option NN,Loss CVaR95 ratio vs Stock+option NN,Loss CVaR95 gap vs Stock+option NN
BS-proxy delta-vega diagnostic on BS-proxy option path,0.010252414271235466,0.02201947011053562,1.3805768804252276,0.0028262329287827015,1.3245555221162748,0.005395425483584404
BS-proxy Greek rule on COS option path,0.009874126873910427,0.023130249232053757,1.329637187482031,0.0024479455314576626,1.3913731436063734,0.006506204605102539
Heston COS delta-vega benchmark,0.014781570993363857,0.03325070068240166,1.9904672821363814,0.007355389650911093,2.0001570874331622,0.01662665605545044
