Strategy,Premium mode,Premium,RMSE,Mean HE,Std HE,HE q01,HE q05,Loss VaR95,Loss CVaR95,Loss VaR99,Loss CVaR99,Mean abs delta,Mean abs eta,Mean stock turnover,Mean option turnover,Median stock turnover,Median option turnover,Case,Notes
BS-proxy delta-vega diagnostic,raw,0.1654144525527954,0.01391240581870079,-0.00940441619604826,0.01025241520255804,-0.03481942415237427,-0.0257393941283226,0.025739392265677452,0.03142387792468071,0.034819409251213074,0.040936361998319626,0.49918127059936523,0.3530200123786926,4.007514953613281,3.292402505874634,3.9866552352905273,3.1883795261383057,Old proxy setup on current paths,Raw-premium diagnostic: BS proxy Greeks and BS proxy liquid-option path.
BS-proxy Greeks on COS option path diagnostic,raw,0.1654144525527954,0.009889191947877407,0.0005456409999169409,0.009874126873910427,-0.026481948792934418,-0.016128186136484146,0.016128186136484146,0.022584598511457443,0.02648194693028927,0.0332702212035656,0.49918127059936523,0.3530200123786926,4.007514953613281,3.292402505874634,3.9866552352905273,3.1883795261383057,Proxy Greeks on COS path,"Raw-premium diagnostic: BS proxy Greek positions, COS option path."
