Strategy,Scale,Max abs eta,Mean abs eta,Frac |eta| > 0.95*scale,Frac |eta| > 0.99*scale
Heston delta-vega hedge,5.0,5.0,0.6034440994262695,0.00106128,0.00099552
Stock + option NN,5.0,1.3322868347167969,0.5992719531059265,0.0,0.0
