,RMSE,RMSE,RMSE,RMSE,Loss CVaR95,Loss CVaR95,Loss CVaR95,Loss CVaR95,Loss CVaR99,Loss CVaR99,Loss CVaR99,Loss CVaR99,Mean abs eta,Mean abs eta,Mean abs eta,Mean abs eta,Max abs eta,Max abs eta,Max abs eta,Max abs eta
,mean,std,min,max,mean,std,min,max,mean,std,min,max,mean,std,min,max,mean,std,min,max
Strategy,,,,,,,,,,,,,,,,,,,,
BS-proxy Greeks on COS option path,0.009857705794274807,1.775916306969139e-05,0.009837644174695015,0.009871415793895721,0.023118367418646812,8.742196082235664e-05,0.02301742322742939,0.023169388994574547,0.0337335467338562,0.000284482186879055,0.03346090391278267,0.0340285487473011,0.3530242343743642,0.00023306780863681647,0.352764368057251,0.3532147705554962,5.0,0.0,5.0,5.0
Heston COS delta-vega benchmark,0.014801103311280409,4.566819824990217e-05,0.01475099753588438,0.014840391464531422,0.033293226112922035,3.401250844837453e-05,0.033258043229579926,0.033325932919979095,0.04641998435060183,0.00019184605004651253,0.04628492519259453,0.0466395802795887,0.6033663948376974,0.0001170081281009819,0.6032559871673584,0.6034890413284302,5.0,0.0,5.0,5.0
Stock + option NN,0.007622218069930871,0.00024391636103024227,0.007345599588006735,0.007806427776813507,0.01684650219976902,0.00014923618779631972,0.01667718030512333,0.016958894208073616,0.02436209035416444,0.00011527780756196737,0.024268340319395065,0.024490801617503166,0.6122183998425802,0.01337054270093788,0.5974685549736023,0.623543381690979,1.2948284149169922,0.37761340771473034,1.0682365894317627,1.7307448387145996
Stock-only NN tanh delta,0.018086943154533703,0.0005353555462136133,0.01772553101181984,0.018701978027820587,0.04194480925798416,0.000692993839755574,0.04125508293509483,0.04264102503657341,0.058564932396014534,0.0009335499681702675,0.057632360607385635,0.059499457478523254,0.0,0.0,0.0,0.0,0.0,0.0,0.0,0.0
