Dataset,Mean dC per step,Std dC per step,SE mean dC per step,Mean total dC over target horizon,Std total dC over target horizon,SE mean total dC
train,3.796304099523695e-06,0.013572323136031628,3.838832690377213e-06,0.0004745381884276867,0.15228721499443054,0.0004815744579061467
validation,-4.2674164433265105e-06,0.013540319167077541,7.659561201976572e-06,-0.0005334271118044853,0.15049926936626434,0.000951840954777202
test,-9.441235420126759e-07,0.013552906922996044,3.833340956016244e-06,-0.00011801515938714147,0.1513368934392929,0.0004785692772823585
