Strategy,Premium mode,Premium,RMSE,Mean HE,Std HE,HE q01,HE q05,Loss VaR95,Loss CVaR95,Loss VaR99,Loss CVaR99,Mean abs delta,Mean abs eta,Mean stock turnover,Mean option turnover,Median stock turnover,Median option turnover,Case,Notes
BS-proxy delta-vega diagnostic,fair,0.17481885850429535,0.010252414271235466,-9.2005727481137e-09,0.01025241520255804,-0.02541501820087433,-0.016334988176822662,0.016334988176822662,0.02201947011053562,0.025415005162358284,0.03153195604681969,0.49918127059936523,0.3530200123786926,4.007514953613281,3.292402505874634,3.9866552352905273,3.1883795261383057,Old proxy setup on current paths,BS proxy Greeks and BS proxy liquid-option path; same S/v/payoff test paths as COS run.
BS-proxy Greeks on COS option path diagnostic,fair,0.1648688018321991,0.009874126873910427,-9.456724292533636e-09,0.009874126873910427,-0.02702759951353073,-0.01667383685708046,0.01667383685708046,0.023130249232053757,0.027027597650885582,0.03381587192416191,0.49918127059936523,0.3530200123786926,4.007514953613281,3.292402505874634,3.9866552352905273,3.1883795261383057,Proxy Greeks on COS path,"BS proxy Greek positions, but gains marked to the COS-priced liquid-option path."
Heston delta-vega hedge (eta clipped 5),fair,0.16486212611198425,0.014781570993363857,-2.1069050504252118e-08,0.014781570993363857,-0.03818513825535774,-0.024995986372232437,0.024995984509587288,0.03325070068240166,0.03818512335419655,0.046415526419878006,0.38679563999176025,0.6034443378448486,5.392435550689697,7.1312479972839355,4.812610626220703,5.5893683433532715,Primary COS benchmark,Heston COS Greeks and COS-priced liquid-option path.
Stock + option NN,fair,0.16489432752132416,0.0074261813424527645,-8.099675596895395e-09,0.0074261813424527645,-0.019851455464959145,-0.011396662332117558,0.011396647430956364,0.016624044626951218,0.019851410761475563,0.024619175121188164,0.36861497163772583,0.5992723703384399,3.122541666030884,4.691251277923584,2.9896984100341797,4.678315162658691,Primary neural result,Stock + option NN trained and evaluated on the COS-priced liquid-option path.
