S,v,K,tau,Intrinsic,COS,CarrMadan,AbsError,COS_minus_intrinsic
1.0,0.04,0.9,0.1,0.09999999999999998,0.10390021651983261,0.10376057003921395,0.00013964648061866314,0.0039002165198326333
1.0,0.04,0.9,0.02,0.09999999999999998,0.09396150708198547,0.10001478014623832,0.006053273064252851,-0.006038492918014504
1.0,0.04,0.9,0.01,0.09999999999999998,0.09110935777425766,0.10000014051101931,0.008890782736761652,-0.008890642225742318
1.0,0.04,0.9,0.005,0.09999999999999998,0.08858826756477356,0.09999932503199198,0.011411057467218419,-0.011411732435226418
