Dataset,Mean dC per step,Std dC per step,SE mean dC per step,Mean total dC over target horizon,Std total dC over target horizon,SE mean total dC
test: BS-proxy liquid option path,-7.585779530927539e-05,0.011802583932876587,3.3382748537841704e-06,-0.009482217021286488,0.14510035514831543,0.0004588476115680157
test: COS-priced liquid option path,-9.441235420126759e-07,0.013552906922996044,3.833340956016244e-06,-0.00011801515938714147,0.1513368934392929,0.0004785692772823585
