Strategy,Premium mode,Premium,RMSE,Mean HE,Std HE,HE q01,HE q05,Loss VaR95,Loss CVaR95,Loss VaR99,Loss CVaR99,Mean abs delta,Mean abs eta,Mean stock turnover,Mean option turnover,Median stock turnover,Median option turnover
No hedge,fair,0.16478927433490753,0.19006122648715973,-8.144378504937322e-09,0.19006122648715973,-0.5667575597763062,-0.3747210204601288,0.37472087144851685,0.4929588735103607,0.566757082939148,0.6733455657958984,0.0,0.0,0.0,0.0,0.0,0.0
BS proxy stock delta,fair,0.16483579576015472,0.019997280091047287,-9.420514368585486e-10,0.019997280091047287,-0.05268276855349541,-0.03617998585104942,0.036179982125759125,0.04636015743017197,0.05268275365233421,0.06087370216846466,0.6821224093437195,0.0,3.894742727279663,0.0,3.8309485912323,0.0
Heston delta-vega hedge (eta clipped 5),fair,0.16486212611198425,0.014781570993363857,-2.1069050504252118e-08,0.014781570993363857,-0.03818513825535774,-0.024995986372232437,0.024995984509587288,0.03325070068240166,0.03818512335419655,0.046415526419878006,0.38679563999176025,0.6034443378448486,5.392435550689697,7.1312479972839355,4.812610626220703,5.5893683433532715
Stock-only NN sigmoid delta,fair,0.1648489385843277,0.017324551939964294,-6.306171584924414e-09,0.017324551939964294,-0.0459228940308094,-0.029903175309300423,0.029903162270784378,0.03993118926882744,0.04592288285493851,0.05564001947641373,0.6462234854698181,0.0,3.8201749324798584,0.0,3.744974136352539,0.0
Stock-only NN tanh delta,fair,0.16486312448978424,0.01816600188612938,-1.1404752697785625e-08,0.01816600188612938,-0.048036519438028336,-0.030761154368519783,0.030761148780584335,0.04137856140732765,0.04803650826215744,0.058372579514980316,0.6453362107276917,0.0,3.845602512359619,0.0,3.7774453163146973,0.0
Stock + option NN,fair,0.16489432752132416,0.0074261813424527645,-8.099675596895395e-09,0.0074261813424527645,-0.019851455464959145,-0.011396662332117558,0.011396647430956364,0.016624044626951218,0.019851410761475563,0.024619175121188164,0.36861497163772583,0.5992723703384399,3.122541666030884,4.691251277923584,2.9896984100341797,4.678315162658691
