Strategy,Premium,RMSE,Mean HE,Std HE,HE q01,HE q05,Loss VaR95,Loss CVaR95,Loss VaR99,Loss CVaR99,Mean abs delta,Mean abs eta,Mean stock turnover,Mean option turnover,Median stock turnover,Median option turnover
No hedge,0.1654144525527954,0.1900622397661209,0.0006251747254282236,0.19006122648715973,-0.5661323666572571,-0.3740958273410797,0.3740956783294678,0.49233368039131165,0.5661318302154541,0.6727203130722046,0.0,0.0,0.0,0.0,0.0,0.0
BS proxy stock delta,0.1654144525527954,0.020201075822114944,0.0005698803579434752,0.020193036645650864,-0.05362804979085922,-0.03575824573636055,0.035758230835199356,0.046711768954992294,0.05362803861498833,0.06260288506746292,0.6770598292350769,0.0,3.790971517562866,0.0,3.778836250305176,0.0
Heston delta-vega hedge (eta clipped 5),0.1654144525527954,0.01595459319651127,0.0005486259469762444,0.015945157036185265,-0.04064102843403816,-0.025416981428861618,0.025416968390345573,0.034987278282642365,0.040641024708747864,0.05044754967093468,0.3773866295814514,0.5995415449142456,4.830842018127441,6.825582027435303,4.545865058898926,5.644594192504883
Stock-only NN under Heston,0.1648326814174652,0.017890576273202896,-2.9080274543957785e-05,0.017890552058815956,-0.048449594527482986,-0.03065892681479454,0.030658895149827003,0.041796814650297165,0.04844959080219269,0.059737738221883774,0.6457721590995789,0.0,3.762794017791748,0.0,3.7103192806243896,0.0
Stock + option NN under Heston,0.1648578643798828,0.008009619079530239,-3.975341678597033e-05,0.008009521290659904,-0.020632082596421242,-0.012430219911038876,0.012430217117071152,0.017555730417370796,0.020632075145840645,0.025720054283738136,0.36483559012413025,0.6093498468399048,2.8775885105133057,4.58345365524292,2.7080905437469482,4.542040824890137
