Strategy,Premium mode,Premium,RMSE,Mean HE,Std HE,HE q01,HE q05,Loss VaR95,Loss CVaR95,Loss VaR99,Loss CVaR99,Mean abs delta,Mean abs eta,Mean stock turnover,Mean option turnover,Median stock turnover,Median option turnover,Case,Notes
BS-proxy delta-vega diagnostic,fair,0.1741265207529068,0.011516135185956955,-2.5665760627902046e-09,0.011516135185956955,-0.0307728610932827,-0.019612163305282593,0.019612163305282593,0.02646307833492756,0.030772844329476357,0.03721141070127487,0.49029290676116943,0.36058229207992554,3.449617385864258,2.8912200927734375,3.360013484954834,2.8641815185546875,Old proxy setup on current paths,BS proxy Greeks and BS proxy liquid-option path; same S/v/payoff test paths as COS run.
BS-proxy Greeks on COS option path diagnostic,fair,0.1648736298084259,0.010724522173404694,-9.694695046746915e-10,0.010724522173404694,-0.02959056943655014,-0.018819622695446014,0.018819613382220268,0.025585489347577095,0.029590563848614693,0.03636627271771431,0.49029290676116943,0.36058229207992554,3.449617385864258,2.8912200927734375,3.360013484954834,2.8641815185546875,Proxy Greeks on COS path,"BS proxy Greek positions, but gains marked to the COS-priced liquid-option path."
Heston delta-vega hedge (eta clipped 5),fair,0.16486583650112152,0.015945157036185265,1.0595321953132952e-08,0.015945157036185265,-0.04118962958455086,-0.025965597480535507,0.025965584442019463,0.035535890609025955,0.04118962585926056,0.050996165722608566,0.3773866295814514,0.5995415449142456,4.830842018127441,6.825582027435303,4.545865058898926,5.644594192504883,Primary COS benchmark,Heston COS Greeks and COS-priced liquid-option path.
Stock + option NN,fair,0.1648976057767868,0.008009521290659904,-9.974539416646167e-09,0.008009521290659904,-0.02059234119951725,-0.012390478514134884,0.01239047572016716,0.017515989020466805,0.020592333748936653,0.025680314749479294,0.36483559012413025,0.6093498468399048,2.8775885105133057,4.58345365524292,2.7080905437469482,4.542040824890137,Primary neural result,Stock + option NN trained and evaluated on the COS-priced liquid-option path.
