Strategy,Premium mode,Premium,RMSE,Mean HE,Std HE,HE q01,HE q05,Loss VaR95,Loss CVaR95,Loss VaR99,Loss CVaR99,Mean abs delta,Mean abs eta,Mean stock turnover,Mean option turnover,Median stock turnover,Median option turnover,Case,Notes
BS-proxy delta-vega diagnostic,raw,0.1654144525527954,0.01444027479737997,-0.008712070062756538,0.011516135185956955,-0.03948492929339409,-0.028324231505393982,0.028324231505393982,0.0351751409471035,0.039484914392232895,0.04592348262667656,0.49029290676116943,0.36058229207992554,3.449617385864258,2.8912200927734375,3.360013484954834,2.8641815185546875,Old proxy setup on current paths,Raw-premium diagnostic: BS proxy Greeks and BS proxy liquid-option path.
BS-proxy Greeks on COS option path diagnostic,raw,0.1654144525527954,0.010738150216639042,0.000540821929462254,0.010724522173404694,-0.029049746692180634,-0.018278799951076508,0.01827879063785076,0.02504466474056244,0.029049741104245186,0.035825446248054504,0.49029290676116943,0.36058229207992554,3.449617385864258,2.8912200927734375,3.360013484954834,2.8641815185546875,Proxy Greeks on COS path,"Raw-premium diagnostic: BS proxy Greek positions, COS option path."
