Strategy,Premium mode,Premium,RMSE,Mean HE,Std HE,HE q01,HE q05,Loss VaR95,Loss CVaR95,Loss VaR99,Loss CVaR99,Mean abs delta,Mean abs eta,Mean stock turnover,Mean option turnover,Median stock turnover,Median option turnover
No hedge,fair,0.16478927433490753,0.19006122648715973,-8.144378504937322e-09,0.19006122648715973,-0.5667575597763062,-0.3747210204601288,0.37472087144851685,0.4929588735103607,0.566757082939148,0.6733455657958984,0.0,0.0,0.0,0.0,0.0,0.0
BS proxy stock delta,fair,0.1648445725440979,0.020193036645650864,3.4540892368539744e-10,0.020193036645650864,-0.05419792979955673,-0.03632812574505806,0.036328110843896866,0.047281645238399506,0.05419791862368584,0.06317275762557983,0.6770598292350769,0.0,3.790971517562866,0.0,3.778836250305176,0.0
Heston delta-vega hedge (eta clipped 5),fair,0.16486583650112152,0.015945157036185265,1.0595321953132952e-08,0.015945157036185265,-0.04118962958455086,-0.025965597480535507,0.025965584442019463,0.035535890609025955,0.04118962585926056,0.050996165722608566,0.3773866295814514,0.5995415449142456,4.830842018127441,6.825582027435303,4.545865058898926,5.644594192504883
Stock-only NN sigmoid delta,fair,0.1648617535829544,0.017890552058815956,-7.486343100993054e-09,0.017890552058815956,-0.04842051491141319,-0.030629854649305344,0.030629822984337807,0.04176774248480797,0.048420511186122894,0.059708669781684875,0.6457721590995789,0.0,3.762794017791748,0.0,3.7103192806243896,0.0
Stock-only NN tanh delta,fair,0.16488632559776306,0.018901612609624863,-2.008914989914956e-08,0.018901614472270012,-0.05292404070496559,-0.032218895852565765,0.03221888840198517,0.044937215745449066,0.052923981100320816,0.06517809629440308,0.6501771807670593,0.0,3.8250608444213867,0.0,3.802175283432007,0.0
Stock + option NN,fair,0.1648976057767868,0.008009521290659904,-9.974539416646167e-09,0.008009521290659904,-0.02059234119951725,-0.012390478514134884,0.01239047572016716,0.017515989020466805,0.020592333748936653,0.025680314749479294,0.36483559012413025,0.6093498468399048,2.8775885105133057,4.58345365524292,2.7080905437469482,4.542040824890137
