Strategy,RMSE,Loss CVaR95,RMSE ratio vs Stock+option NN,RMSE gap vs Stock+option NN,Loss CVaR95 ratio vs Stock+option NN,Loss CVaR95 gap vs Stock+option NN
BS-proxy delta-vega diagnostic on BS-proxy option path,0.011516135185956955,0.02646307833492756,1.437805677523599,0.0035066138952970505,1.510795553936829,0.008947089314460754
BS-proxy Greek rule on COS option path,0.010724522173404694,0.025585489347577095,1.3389716793575188,0.002715000882744789,1.460693388062836,0.00806950032711029
Heston COS delta-vega benchmark,0.015945157036185265,0.035535890609025955,1.9907752857563779,0.00793563574552536,2.028768719111638,0.01801990158855915
