Seed,Comparison,Competitor RMSE,Stock+option NN RMSE,RMSE improvement (%),Competitor Loss CVaR95,Stock+option NN Loss CVaR95,Loss CVaR95 improvement (%),NN beats competitor on RMSE,NN beats competitor on Loss CVaR95
111,Stock + option NN vs Stock-only NN tanh delta,0.018204856663942337,0.008307593874633312,54.366057212151276,0.043257370591163635,0.01856054738163948,57.09275176001816,True,True
111,Stock + option NN vs BS-proxy Greeks on COS option path,0.010710475035011768,0.008307593874633312,22.434870092349886,0.025658274069428444,0.01856054738163948,27.66252581363541,True,True
111,Stock + option NN vs Heston COS delta-vega benchmark,0.015974638983607292,0.008307593874633312,47.995107224906164,0.03543143346905708,0.01856054738163948,47.61558998777527,True,True
222,Stock + option NN vs Stock-only NN tanh delta,0.018899213522672653,0.007718952372670174,59.15728258527771,0.044461432844400406,0.016811193898320198,62.1892664657175,True,True
222,Stock + option NN vs BS-proxy Greeks on COS option path,0.010729625821113586,0.007718952372670174,28.059444929748228,0.02573964186012745,0.016811193898320198,34.687537652332516,True,True
222,Stock + option NN vs Heston COS delta-vega benchmark,0.016013702377676964,0.007718952372670174,51.797827943709244,0.035680778324604034,0.016811193898320198,52.88445295284416,True,True
333,Stock + option NN vs Stock-only NN tanh delta,0.01833507791161537,0.0076038287952542305,58.52851658493819,0.04345577210187912,0.01690012216567993,61.10960328570682,True,True
333,Stock + option NN vs BS-proxy Greeks on COS option path,0.010763319209218025,0.0076038287952542305,29.354238711585488,0.025855572894215584,0.01690012216567993,34.63644284802975,True,True
333,Stock + option NN vs Heston COS delta-vega benchmark,0.01599891297519207,0.0076038287952542305,52.47284107961126,0.03558091074228287,0.01690012216567993,52.50227772951148,True,True
