,RMSE,RMSE,RMSE,RMSE,Loss CVaR95,Loss CVaR95,Loss CVaR95,Loss CVaR95,Loss CVaR99,Loss CVaR99,Loss CVaR99,Loss CVaR99,Mean abs eta,Mean abs eta,Mean abs eta,Mean abs eta,Max abs eta,Max abs eta,Max abs eta,Max abs eta
,mean,std,min,max,mean,std,min,max,mean,std,min,max,mean,std,min,max,mean,std,min,max
Strategy,,,,,,,,,,,,,,,,,,,,
BS-proxy Greeks on COS option path,0.01073447335511446,2.6753516148396734e-05,0.010710475035011768,0.010763319209218025,0.02575116294125716,9.91527006611245e-05,0.025658274069428444,0.025855572894215584,0.036665160208940506,0.00023687397481463195,0.036391761153936386,0.036808859556913376,0.3605773051579793,0.00018682147995915905,0.36036646366119385,0.36072224378585815,0.9519621531168619,0.06548046171012248,0.8766394853591919,0.9953298568725586
Heston COS delta-vega benchmark,0.015995751445492108,1.9722668216887393e-05,0.015974638983607292,0.016013702377676964,0.035564374178647995,0.00012549226151269304,0.03543143346905708,0.035680778324604034,0.05100888510545095,8.777296561461851e-05,0.05092272907495499,0.05109819024801254,0.5995869239171346,0.00034096274951509663,0.5993337631225586,0.5999746322631836,5.0,0.0,5.0,5.0
Stock + option NN,0.007876791680852572,0.0003775000094622314,0.0076038287952542305,0.008307593874633312,0.01742395448187987,0.0009853220915121469,0.016811193898320198,0.01856054738163948,0.02534616303940614,0.000759397962136275,0.024822253733873367,0.02621707133948803,0.6257265408833822,0.006826409323315517,0.6183678507804871,0.6318527460098267,1.437944769859314,0.30909043035199146,1.1119762659072876,1.7268071174621582
Stock-only NN tanh delta,0.018479716032743454,0.0003690840031470538,0.018204856663942337,0.018899213522672653,0.043724858512481056,0.0006455595245175901,0.043257370591163635,0.044461432844400406,0.06257305666804314,0.0010329491526880005,0.06167459115386009,0.06370166689157486,0.0,0.0,0.0,0.0,0.0,0.0,0.0,0.0
