K,σ,BS Delta RMSE,DT-Optimal RMSE,Neural Hedge RMSE
0.7,0.2,0.000492,0.000492,0.143308
0.7,0.4,0.004115,0.004114,0.166962
0.7,0.6,0.008108,0.008103,0.200019
0.9,0.2,0.0034,0.003399,0.048452
0.9 ★,0.4 ★,0.007811,0.007809,0.00784
0.9,0.6,0.011831,0.011824,0.056742
1.1,0.2,0.004026,0.004026,0.158329
1.1,0.4,0.009017,0.009017,0.126978
1.1,0.6,0.01369,0.013686,0.107204
