Method,RMSE,CVaR95,CVaR99,HE q01,HE q05,RMSE OTM,RMSE ATM,RMSE ITM,Best val loss,Best epoch,Epochs run,Runtime (s)
Crude MC,0.008,0.01848,0.026964,-0.021799,-0.013141,0.006446,0.011953,0.00588,6.362e-05,99,100,17.8
Sobol,0.008005,0.018596,0.0271,-0.021949,-0.013226,0.006459,0.01195,0.005842,6.405e-05,100,100,17.8
Sobol + BB,0.007973,0.018451,0.026913,-0.02177,-0.013124,0.006497,0.011896,0.005838,6.36e-05,100,100,17.7
