Strategy,Premium,Mean HE,Std HE,RMSE,HE q01,HE q05,Loss VaR95,Loss CVaR95,Loss VaR99,Loss CVaR99,Runtime (s)
No hedge,0.16411067988848604,-0.0007213937933556736,0.22725677490234375,0.22725678980350494,-0.7915188670158386,-0.4655708372592926,0.4655708074569702,0.6692671179771423,0.7915187478065491,0.992283284664154,0.058061838150024414
Black--Scholes delta,0.16411067988848604,-4.5817265345249325e-05,0.007809922564774752,0.007810018490999937,-0.021435607224702835,-0.012874482199549675,0.012874482199549675,0.018105030059814453,0.021435605362057686,0.026635613292455673,0.5023760795593262
Discrete-time MSE-optimal,0.16411067988848604,-4.525496842688881e-05,0.007809608709067106,0.007809700910001993,-0.021468086168169975,-0.012885650619864464,0.01288564968854189,0.018124492838978767,0.021468082442879677,0.026652231812477112,1.8031904697418213
Polynomial degree 2,0.16411067988848604,1.4343020666274242e-05,0.02218320593237877,0.022183101624250412,-0.03528245538473129,-0.028673317283391953,0.028673313558101654,0.03272933512926102,0.03528245538473129,0.038453109562397,3.0468590259552
Neural hedge,0.16397233307361603,-0.0001894081651698798,0.007838685996830463,0.00784093514084816,-0.021508755162358284,-0.012942233122885227,0.012942232191562653,0.018232135102152824,0.021508747711777687,0.02676006779074669,89.6267158985138
