Method,RMSE,CVaR95,CVaR99,HE q01,HE q05,RMSE OTM,RMSE ATM,RMSE ITM,Best val loss,Best epoch,Epochs run,Runtime (s),n_paths,method_clean
"Crude MC | n=10,000",0.013328,0.027356,0.035594,-0.031072,-0.021673,0.013256,0.021844,0.009683,0.00017834,100,100,4.1,10000,Crude MC
"Sobol + BB | n=10,000",0.015021,0.030095,0.03857,-0.033888,-0.024164,0.0154,0.023821,0.011558,0.00022751,100,100,4.0,10000,Sobol + BB
"Crude MC | n=25,000",0.009563,0.0215,0.029955,-0.025053,-0.015763,0.007936,0.015175,0.006904,9.234e-05,100,100,6.6,25000,Crude MC
"Sobol + BB | n=25,000",0.009617,0.021614,0.030107,-0.025153,-0.015833,0.007856,0.015175,0.007092,9.324e-05,99,100,6.5,25000,Sobol + BB
"Crude MC | n=50,000",0.008431,0.019302,0.027786,-0.022743,-0.01383,0.006664,0.012883,0.006193,7.143e-05,100,100,10.2,50000,Crude MC
"Sobol + BB | n=50,000",0.008741,0.019998,0.028471,-0.02336,-0.014433,0.006969,0.013497,0.006391,7.718e-05,100,100,10.4,50000,Sobol + BB
"Crude MC | n=100,000",0.008075,0.018617,0.027084,-0.021889,-0.013246,0.006485,0.012091,0.00594,6.498e-05,99,100,18.3,100000,Crude MC
"Sobol + BB | n=100,000",0.007971,0.018481,0.026972,-0.021773,-0.013173,0.006519,0.01189,0.005798,6.361e-05,100,100,17.8,100000,Sobol + BB
