K,σ,BS Delta RMSE,DT-Optimal RMSE,Universal NN RMSE
0.7,0.2,0.000505,0.000506,0.00068
0.7,0.4,0.004117,0.004116,0.004133
0.7,0.6,0.008127,0.008123,0.008157
0.9,0.2,0.003405,0.003405,0.003492
0.9 ★,0.4 ★,0.007815,0.007813,0.00783
0.9,0.6,0.011864,0.011858,0.011891
1.1,0.2,0.004062,0.004061,0.004195
1.1,0.4,0.009048,0.009046,0.009071
1.1,0.6,0.013721,0.013715,0.013783
